[
  {
    "productId": 1,
    "productName": "Coca-cola",
    "productCode": "cc-330",
    "validDate": "30 maio, 2022",
    "description": "Lata de coca-cola, com aproximação da data de validade",
    "price": 0.80,
    "starRating": 3.2,
    "imageUrl": "assets/images/1.png"
  },
  {
    "productId": 2,
    "productName": "Leite Agros",
    "productCode": "la-1",
    "validDate": "28 maio, 2022",
    "description": "6 Embalagens de Leite Agros, com aproximação da data de validade",
    "price": 1.50,
    "starRating": 4.2,
    "imageUrl": "assets/images/2.png"
  },
  {
    "productId": 3,
    "productName": "Croissant",
    "productCode": "ct-01",
    "validDate": "25 maio, 2022",
    "description": "Croissant feito de manhã às 05:30",
    "price": 0.30,
    "starRating": 4.8,
    "imageUrl": "assets/images/3.png"
  },
  {
    "productId": 4,
    "productName": "Pão Bijou",
    "productCode": "pb-100",
    "validDate": "25 maio, 2022",
    "description": "Pão Bijou feito de manhã às 06:00",
    "price": 0.05,
    "starRating": 3.7,
    "imageUrl": "assets/images/4.png"
  },
  {
    "productId": 5,
    "productName": "Massa Bolenhesa",
    "productCode": "mb-01",
    "validDate": "28 maio, 2022",
    "description": "Massa Bolenhesa feita ao almoço 12:00",
    "price": 2.00,
    "starRating": 4.6,
    "imageUrl": "assets/images/5.png"
  }
]
