{
    "openapi": "3.0.0",
    "info": {
        "title": "PSF: Portugal Food Sustainability",
        "description": "API - Desenvolvimento sustentavel",
        "termsOfService": "http://localhost:5000/terms",
        "contact": {
            "name": "Developers - PDS 2022 - LESI",
            "url": "https://www.ipca.pt",
            "email": "codesolutions@gmail.com"
        },
        "license": {
            "name": "Use under IPCA rights",
            "url": "https://www.ipca.pt/license"
        },
        "version": "1.0.0"
    },
    "paths": {
        "/produto/publicarProduto": {
            "post": {
                "description": "Publicar um novo Produto",
                "tags": [
                    "Produtos"
                ],
                "summary": "publicar um produto",
                "operationId": "Produtos_publicarProduto",
                "security": [
                    {
                        "bearerAuth": []
                    }
                ],
                "requestBody": {
                    "content": {
                        "application/json": {
                            "schema": {
                                "$ref": "#/components/schemas/Produto"
                            },
                            "examples": {
                                "Produto": {
                                    "value": {
                                        "name": "oi",
                                        "image": "alo",
                                        "quantity": 333,
                                        "price": 23,
                                        "hourRecoMin": "10/10/10",
                                        "hourRecoMax": "10/10/12",
                                        "lojaId": 1,
                                        "subCatProdId": 1
                                    }
                                }
                            }
                        }
                    }
                },
                "responses": {
                    "403": {
                        "description": "Forbidden!"
                    },
                    "404": {
                        "description": "Not found!"
                    },
                    "201": {
                        "description": "Created Post!",
                        "content": {
                            "application/json": {
                                "schema": {
                                    "type": "object",
                                    "$ref": "#/components/schemas/Produto"
                                }
                            }
                        }
                    }
                }
            }
        },
        "/produto/editarProduto": {
            "post": {
                "description": "Editar um Produto",
                "tags": [
                    "Produtos"
                ],
                "summary": "editar um produto",
                "operationId": "Produtos_editarProduto",
                "security": [
                    {
                        "bearerAuth": []
                    }
                ],
                "requestBody": {
                    "content": {
                        "application/json": {
                            "schema": {
                                "$ref": "#/components/schemas/EditarProduto"
                            },
                            "examples": {
                                "Produto": {
                                    "value": {
                                        "id": 1,
                                        "name": "oi",
                                        "image": "alo",
                                        "quantity": 333,
                                        "price": 23,
                                        "hourRecoMin": "10/10/10",
                                        "hourRecoMax": "10/10/12",
                                        "lojaId": 1,
                                        "subCatProdId": 1
                                    }
                                }
                            }
                        }
                    }
                },
                "responses": {
                    "403": {
                        "description": "Forbidden!"
                    },
                    "404": {
                        "description": "Not Found!"
                    },
                    "201": {
                        "description": "Created Post!",
                        "content": {
                            "application/json": {
                                "schema": {
                                    "type": "object",
                                    "$ref": "#/components/schemas/EditarProduto"
                                }
                            }
                        }
                    }
                }
            }
        },
        "/produto/listarProdutos": {
            "get": {
                "description": "Listar Produtos",
                "tags": [
                    "Produtos"
                ],
                "summary": "listar todos os produtos",
                "operationId": "Produtos_listarProduto",
                "security": [
                    {
                        "bearerAuth": []
                    }
                ],
                "responses": {
                    "403": {
                        "description": "Forbidden!"
                    },
                    "200": {
                        "description": "OK!",
                        "content": {
                            "application/json": {
                                "schema": {
                                    "type": "object",
                                    "$ref": "#/components/schemas/ListarProduto"
                                }
                            }
                        }
                    }
                }
            }
        },
        "/login": {
            "post": {
                "description": "Efetuar Login",
                "tags": [
                    "Security"
                ],
                "summary": "efetuar o login",
                "operationId": "Security_login",
                "security": [
                    {
                        "bearerAuth": []
                    }
                ],
                "requestBody": {
                    "content": {
                        "application/json": {
                            "schema": {
                                "$ref": "#/components/schemas/Login"
                            },
                            "examples": {
                                "Login": {
                                    "value": {
                                        "username": "joao.fernandes@codesolutions.pt",
                                        "password": "PFS2000"
                                    }
                                }
                            }
                        }
                    }
                },
                "responses": {
                    "404": {
                        "description": "Not Found!"
                    },
                    "201": {
                        "description": "Created Post!",
                        "content": {
                            "application/json": {
                                "schema": {
                                    "type": "object",
                                    "$ref": "#/components/schemas/Login"
                                }
                            }
                        }
                    }
                }
            }
        },
        "/produto/getCategoriaProd": {
            "get": {
                "description": "Categorias e Subscategorias Produtos",
                "tags": [
                    "Produtos"
                ],
                "summary": "Obter Categorias e Subcategorias",
                "operationId": "Produtos_getCategoriaProd",
                "security": [
                    {
                        "bearerAuth": []
                    }
                ],
                "responses": {
                    "403": {
                        "description": "Forbidden!"
                    },
                    "200": {
                        "description": "OK!",
                        "content": {
                            "application/json": {
                                "schema": {
                                    "type": "object",
                                    "$ref": "#/components/schemas/Categorias"
                                }
                            }
                        }
                    }
                }
            }
        },
        "/registeruser": {
            "post": {
                "description": "Efetuar um Registo",
                "tags": [
                    "Security"
                ],
                "summary": "registar um utilizador",
                "operationId": "Security_registeruser",
                "security": [
                    {
                        "bearerAuth": []
                    }
                ],
                "requestBody": {
                    "content": {
                        "application/json": {
                            "schema": {
                                "$ref": "#/components/schemas/Registeruser"
                            },
                            "examples": {
                                "Cliente": {
                                    "value": {
                                        "name": "name example",
                                        "password": "123456789",
                                        "email": "name@example.pt",
                                        "contact": "965321456",
                                        "nif": "123456789",
                                        "permission": "3"
                                    }
                                },
                                "Loja": {
                                    "value": {
                                        "name": "name example",
                                        "password": "123456789",
                                        "email": "name@example.pt",
                                        "contact": "name@example.pt",
                                        "nif": "123456789",
                                        "permission": "2"
                                    }
                                },
                                "Admin": {
                                    "value": {
                                        "name": "name example",
                                        "password": "123456789",
                                        "email": "name@example.pt",
                                        "contact": "name@example.pt",
                                        "nif": "123456789",
                                        "permission": "1"
                                    }
                                }
                            }
                        }
                    }
                },
                "responses": {
                    "401": {
                        "description": "Unauthorized!"
                    },
                    "201": {
                        "description": "Created Post!"
                    }
                }
            }
        },
        "/mostarPerfil": {
            "post": {
                "description": "Mostrar Perfil de um Utilizador",
                "tags": [
                    "Perfil"
                ],
                "summary": "mostrar o perfil do utilizador",
                "operationId": "Security_mostarPerfil",
                "security": [
                    {
                        "bearerAuth": []
                    }
                ],
                "requestBody": {
                    "content": {
                        "application/json": {
                            "schema": {
                                "$ref": "#/components/schemas/MostarPerfil"
                            },
                            "examples": {
                                "Utilizador": {
                                    "value": {
                                        "username": "silva.pastelaria@outlook.com"
                                    }
                                }
                            }
                        }
                    }
                },
                "responses": {
                    "404": {
                        "description": "Not Found!"
                    },
                    "201": {
                        "description": "Created Post!"
                    }
                }
            }
        },
        "/candidaturaLoja": {
            "post": {
                "description": "Candidaturas das Lojas",
                "tags": [
                    "Candidaturas"
                ],
                "summary": "candidatura de uma loja",
                "operationId": "Candidaturas_candidatura",
                "security": [
                    {
                        "bearerAuth": []
                    }
                ],
                "requestBody": {
                    "content": {
                        "application/json": {
                            "schema": {
                                "type": "object",
                                "properties": {
                                    "morada": {
                                        "type": "string"
                                    },
                                    "nif": {
                                        "type": "integer"
                                    },
                                    "adminloja": {
                                        "type": "integer"
                                    },
                                    "categoria": {
                                        "type": "integer"
                                    }
                                }
                            }
                        }
                    }
                },
                "responses": {
                    "404": {
                        "description": "Not Found!"
                    },
                    "500": {
                        "description": "Internal Error!"
                    },
                    "201": {
                        "description": "Created Post!",
                        "content": {
                            "application/json": {
                                "schema": {
                                    "type": "object",
                                    "$ref": "#/components/schemas/Candidatura"
                                }
                            }
                        }
                    }
                }
            }
        },
        "/candidaturaLojaFicheiro/{id}": {
            "post": {
                "description": "Candidaturas das Lojas com  Ficheiros",
                "tags": [
                    "Candidaturas"
                ],
                "summary": "enviar ficheiros para a candidatura de uma loja",
                "operationId": "Candidaturas_candidaturaLojaFicheiro",
                "security": [
                    {
                        "bearerAuth": []
                    }
                ],
                "parameters": [
                    {
                        "schema": {
                            "type": "integer",
                            "format": "int32"
                        },
                        "name": "id",
                        "in": "path",
                        "required": true,
                        "x-nullable": false
                    }
                ],
                "requestBody": {
                    "content": {
                        "multipart/form-data": {
                            "schema": {
                                "type": "object",
                                "properties": {
                                    "file": {
                                        "type": "string",
                                        "format": "binary"
                                    }
                                }
                            }
                        }
                    }
                },
                "responses": {
                    "404": {
                        "description": "Not Found!"
                    },
                    "500": {
                        "description": "Internal Error!"
                    },
                    "201": {
                        "description": "Created Post!",
                        "content": {
                            "application/json": {
                                "schema": {
                                    "type": "object",
                                    "$ref": "#/components/schemas/CandidaturaFicheiro"
                                }
                            }
                        }
                    }
                }
            }
        },
        "/aprovacaoLoja": {
            "post": {
                "description": "Candidaturas das Lojas com  Ficheiros",
                "tags": [
                    "Admin"
                ],
                "summary": "enviar ficheiros para a candidatura de uma loja",
                "operationId": "Admin_aprovacaoLoja",
                "security": [
                    {
                        "bearerAuth": []
                    }
                ],
                "requestBody": {
                    "content": {
                        "application/json": {
                            "schema": {
                                "type": "object",
                                "properties": {
                                    "idLoja": {
                                        "type": "integer"
                                    },
                                    "aprovacao": {
                                        "type": "integer"
                                    }
                                }
                            }
                        }
                    }
                },
                "responses": {
                    "404": {
                        "description": "Not Found!"
                    },
                    "500": {
                        "description": "Internal Error!"
                    },
                    "201": {
                        "description": "Created Post!",
                        "content": {
                            "application/json": {
                                "schema": {
                                    "type": "object",
                                    "$ref": "#/components/schemas/AprovacaoLoja"
                                }
                            }
                        }
                    }
                }
            }
        },
        "/aprovacaoLojaFicheiro": {
            "post": {
                "description": "Candidaturas das Lojas com  Ficheiros",
                "tags": [
                    "Admin"
                ],
                "summary": "enviar ficheiros para a candidatura de uma loja",
                "operationId": "Admin_aprovacaoLojaFicheiro",
                "security": [
                    {
                        "bearerAuth": []
                    }
                ],
                "requestBody": {
                    "content": {
                        "application/json": {
                            "schema": {
                                "type": "object",
                                "properties": {
                                    "idLoja": {
                                        "type": "integer"
                                    }
                                }
                            }
                        }
                    }
                },
                "responses": {
                    "404": {
                        "description": "Not Found!"
                    },
                    "500": {
                        "description": "Internal Error!"
                    },
                    "201": {
                        "description": "Created Post!"
                    }
                }
            }
        },
        "/loja/criarCategoriaLoja": {
            "post": {
                "description": "Criação de Categorias de Loja",
                "tags": [
                    "Admin"
                ],
                "summary": "Criar uma nova categoria de Loja",
                "operationId": "Admin_CriarCategoriaLoja",
                "security": [
                    {
                        "bearerAuth": []
                    }
                ],
                "requestBody": {
                    "content": {
                        "application/json": {
                            "schema": {
                                "type": "object",
                                "properties": {
                                    "categoria": {
                                        "type": "string"
                                    }
                                }
                            }
                        }
                    }
                },
                "responses": {
                    "403": {
                        "description": "Unauthorized!"
                    },
                    "500": {
                        "description": "Internal Error!"
                    },
                    "201": {
                        "description": "Created Category!"
                    }
                }
            }
        },
        "/removerCategoriaLoja": {
            "post": {
                "description": "Remover Categoria de lojas",
                "tags": [
                    "Loja"
                ],
                "summary": "Remover uma categoria de lojas",
                "operationId": "Cliente_removerCategoriaLoja",
                "security": [
                    {
                        "bearerAuth": []
                    }
                ],
                "requestBody": {
                    "content": {
                        "application/json": {
                            "schema": {
                                "type": "object",
                                "properties": {
                                    "nome": {
                                        "type": "string"
                                    }
                                }
                            }
                        }
                    }
                },
                "responses": {
                    "403": {
                        "description": "Unauthorized!"
                    },
                    "404": {
                        "description": "Not Found"
                    },
                    "200": {
                        "description": "Category Removed"
                    }
                }
            }
        },
        "/criarCategoriaProduto": {
            "post": {
                "description": "Criação de Categorias de Produto",
                "tags": [
                    "Admin"
                ],
                "summary": "Criar uma nova categoria de produto",
                "operationId": "Admin_CriarCategoriaProduto",
                "security": [
                    {
                        "bearerAuth": []
                    }
                ],
                "requestBody": {
                    "content": {
                        "application/json": {
                            "schema": {
                                "type": "object",
                                "properties": {
                                    "categoria": {
                                        "type": "string"
                                    }
                                }
                            }
                        }
                    }
                },
                "responses": {
                    "403": {
                        "description": "Unauthorized!"
                    },
                    "500": {
                        "description": "Internal Error!"
                    },
                    "201": {
                        "description": "Created Category!"
                    }
                }
            }
        },
        "/criarSubCategoriaProduto": {
            "post": {
                "description": "Criação de Subcategorias de Produto",
                "tags": [
                    "Admin"
                ],
                "summary": "Criar uma nova subcategoria de produto",
                "operationId": "Admin_CriarSubategoriaProduto",
                "security": [
                    {
                        "bearerAuth": []
                    }
                ],
                "requestBody": {
                    "content": {
                        "application/json": {
                            "schema": {
                                "type": "object",
                                "properties": {
                                    "categoria": {
                                        "type": "string"
                                    },
                                    "subcategoria": {
                                        "type": "string"
                                    }
                                }
                            }
                        }
                    }
                },
                "responses": {
                    "403": {
                        "description": "Unauthorized!"
                    },
                    "500": {
                        "description": "Internal Error!"
                    },
                    "201": {
                        "description": "Created Category!"
                    }
                }
            }
        },
        "/cliente/listarProdutos": {
            "get": {
                "description": "Listar todos os Produtos dos Cliente",
                "tags": [
                    "Cliente"
                ],
                "summary": "Listar os Produtos que um cliente tem acesso",
                "operationId": "Cliente_ListarProdutos",
                "security": [
                    {
                        "bearerAuth": []
                    }
                ],
                "responses": {
                    "403": {
                        "description": "Unauthorized!"
                    },
                    "500": {
                        "description": "Internal Error!"
                    },
                    "200": {
                        "description": "OK!",
                        "content": {
                            "application/json": {
                                "schema": {
                                    "type": "object",
                                    "$ref": "#/components/schemas/ClienteListarProduto"
                                }
                            }
                        }
                    }
                }
            }
        },
        "/cliente/adicionarCarrinho": {
            "post": {
                "description": "Adicionar um Produto ao carrinho do Cliente",
                "tags": [
                    "Cliente"
                ],
                "summary": "Adicionar um Produto ao carrinho do Cliente",
                "operationId": "Cliente_adicionarCarrinho",
                "security": [
                    {
                        "bearerAuth": []
                    }
                ],
                "requestBody": {
                    "content": {
                        "application/json": {
                            "schema": {
                                "type": "object",
                                "properties": {
                                    "clienteId": {
                                        "type": "integer"
                                    }
                                }
                            }
                        }
                    }
                },
                "responses": {
                    "403": {
                        "description": "Unauthorized!"
                    },
                    "500": {
                        "description": "Internal Error!"
                    },
                    "201": {
                        "description": "Created Category!"
                    }
                }
            }
        },
        "/cliente/removerCarrinho": {
            "post": {
                "description": "Remover um Produto do Carrinho",
                "tags": [
                    "Cliente"
                ],
                "summary": "Remover um Produto do Carrinho",
                "operationId": "Cliente_removerCarrinho",
                "security": [
                    {
                        "bearerAuth": []
                    }
                ],
                "requestBody": {
                    "content": {
                        "application/json": {
                            "schema": {
                                "type": "object",
                                "properties": {
                                    "idCarrinhoDeCompras": {
                                        "type": "integer"
                                    }
                                }
                            }
                        }
                    }
                },
                "responses": {
                    "403": {
                        "description": "Unauthorized!"
                    },
                    "500": {
                        "description": "Internal Error!"
                    },
                    "201": {
                        "description": "Created Category!"
                    }
                }
            }
        },
        "/cliente/listarCarrinho": {
            "post": {
                "description": "Listar Carrinho de Compras",
                "tags": [
                    "Cliente"
                ],
                "summary": "Listar Carrinho de Compras",
                "operationId": "Cliente_listarCarrinho",
                "security": [
                    {
                        "bearerAuth": []
                    }
                ],
                "requestBody": {
                    "content": {
                        "application/json": {
                            "schema": {
                                "type": "object",
                                "properties": {
                                    "idCarrinhoDeCompras": {
                                        "type": "integer"
                                    }
                                }
                            }
                        }
                    }
                },
                "responses": {
                    "403": {
                        "description": "Unauthorized!"
                    },
                    "200": {
                        "description": "Listed Succesfully"
                    }
                }
            }
        },
        "/cliente/listarMedalhas": {
            "post": {
                "description": "Listar medalhas de um cliente",
                "tags": [
                    "Medalhas"
                ],
                "summary": "Listar medalhas de um cliente",
                "operationId": "Cliente_listarMedalhas",
                "security": [
                    {
                        "bearerAuth": []
                    }
                ],
                "requestBody": {
                    "content": {
                        "application/json": {
                            "schema": {
                                "type": "object",
                                "properties": {
                                    "clienteId": {
                                        "type": "integer"
                                    }
                                }
                            }
                        }
                    }
                },
                "responses": {
                    "400": {
                        "description": "Bad Request!"
                    },
                    "500": {
                        "description": "Internal Error!"
                    },
                    "200": {
                        "description": "Listed succesfully!"
                    }
                }
            }
        },
        "/cliente/cancelarEncomenda": {
            "post": {
                "description": "Cancelar uma encomenda",
                "tags": [
                    "Encomenda"
                ],
                "summary": "Cancelar uma encomenda",
                "operationId": "cancelar_encomenda",
                "security": [
                    {
                        "bearerAuth": []
                    }
                ],
                "requestBody": {
                    "content": {
                        "application/json": {
                            "schema": {
                                "type": "object",
                                "properties": {
                                    "idEncomenda": {
                                        "type": "integer"
                                    }
                                }
                            }
                        }
                    }
                },
                "responses": {
                    "400": {
                        "description": "Bad Request!"
                    },
                    "500": {
                        "description": "Internal Error!"
                    },
                    "200": {
                        "description": "Cancelled succesfully!"
                    }
                }
            }
        },
        "/cliente/acompanharEncomenda": {
            "post": {
                "description": "Acompanhar encomenda",
                "tags": [
                    "Encomenda"
                ],
                "summary": "Acompanhar encomenda",
                "operationId": "acompanhar_encomenda",
                "security": [
                    {
                        "bearerAuth": []
                    }
                ],
                "requestBody": {
                    "content": {
                        "application/json": {
                            "schema": {
                                "type": "object",
                                "properties": {
                                    "idEncomenda": {
                                        "type": "integer"
                                    }
                                }
                            }
                        }
                    }
                },
                "responses": {
                    "400": {
                        "description": "Bad Request!"
                    },
                    "500": {
                        "description": "Internal Error!"
                    },
                    "200": {
                        "description": "Cancelled succesfully!"
                    }
                }
            }
        },
        "/cliente/filtrarLojasCategoria": {
            "post": {
                "description": "Filtrar lojas por categoria",
                "tags": [
                    "Loja"
                ],
                "summary": "Filtrar lojas por categoria",
                "operationId": "Filtrar_Loja_Categoria",
                "security": [
                    {
                        "bearerAuth": []
                    }
                ],
                "requestBody": {
                    "content": {
                        "application/json": {
                            "schema": {
                                "type": "object",
                                "properties": {
                                    "nomeCategoria": {
                                        "type": "string"
                                    }
                                }
                            }
                        }
                    }
                },
                "responses": {
                    "400": {
                        "description": "Bad Request!"
                    },
                    "500": {
                        "description": "Internal Error!"
                    },
                    "200": {
                        "description": "Listed succesfully!"
                    }
                }
            }
        },
        "/cliente/filtrarProdutosCategoria": {
            "post": {
                "description": "Filtrar produtos por categoria e ou subcategoria",
                "tags": [
                    "Produtos"
                ],
                "summary": "Filtrar produtos por categoria",
                "operationId": "Filtrar_Produto_Categoria",
                "security": [
                    {
                        "bearerAuth": []
                    }
                ],
                "requestBody": {
                    "content": {
                        "application/json": {
                            "schema": {
                                "type": "object",
                                "properties": {
                                    "nomeCategoria": {
                                        "type": "string"
                                    },
                                    "nomeSubCategoria": {
                                        "type": "string"
                                    }
                                }
                            }
                        }
                    }
                },
                "responses": {
                    "400": {
                        "description": "Bad Request!"
                    },
                    "500": {
                        "description": "Internal Error!"
                    },
                    "200": {
                        "description": "Listed succesfully!"
                    }
                }
            }
        },
        "/estafeta/verEncomenda": {
            "post": {
                "description": "Ver Encomenda",
                "tags": [
                    "Estafeta"
                ],
                "summary": "Ver Encomenda",
                "operationId": "Estafeta_verEncomenda",
                "security": [
                    {
                        "bearerAuth": []
                    }
                ],
                "requestBody": {
                    "content": {
                        "application/json": {
                            "schema": {
                                "type": "object",
                                "properties": {
                                    "idEncomenda": {
                                        "type": "integer"
                                    }
                                }
                            }
                        }
                    }
                },
                "responses": {
                    "403": {
                        "description": "Unauthorized!"
                    },
                    "200": {
                        "description": "Success"
                    }
                }
            }
        },
        "/atribuirMedalhas": {
            "post": {
                "description": "Atribuir Medalhas",
                "tags": [
                    "Admin"
                ],
                "summary": "Atribuir Medalhas",
                "operationId": "Atribuir_medalhas",
                "security": [
                    {
                        "bearerAuth": []
                    }
                ],
                "requestBody": {
                    "content": {
                        "application/json": {
                            "schema": {
                                "type": "object",
                                "properties": {
                                    "password": {
                                        "type": "string"
                                    },
                                    "nome": {
                                        "type": "string"
                                    },
                                    "email": {
                                        "type": "string"
                                    },
                                    "contacto": {
                                        "type": "integer"
                                    },
                                    "nif": {
                                        "type": "integer"
                                    },
                                    "morada": {
                                        "type": "string"
                                    },
                                    "nifLoja": {
                                        "type": "integer"
                                    },
                                    "idLoja": {
                                        "type": "integer"
                                    }
                                }
                            }
                        }
                    }
                },
                "requestBody": {
                    "content": {
                        "application/json": {
                            "schema": {
                                "type": "object",
                                "properties": {
                                    "idCliente": {
                                        "type": "integer"
                                    }
                                }
                            }
                        }
                    }
                },
                "responses": {
                    "400": {
                        "description": "Bad Request!"
                    },
                    "500": {
                        "description": "Internal Error!"
                    },
                    "200": {
                        "description": "Listed succesfully!"
                    }
                }
            }
        },
        "/editarPerfil/Loja": {
            "post": {
                "description": "Editar Perfil de uma Loja",
                "tags": [
                    "Loja"
                ],
                "summary": "Editar Dados de uma Loja",
                "operationId": "Loja_editarPerfil",
                "security": [
                    {
                        "bearerAuth": []
                    }
                ],
                "requestBody": {
                    "content": {
                        "application/json": {
                            "schema": {
                                "type": "object",
                                "properties": {
                                    "password": {
                                        "type": "string"
                                    },
                                    "nome": {
                                        "type": "string"
                                    },
                                    "email": {
                                        "type": "string"
                                    },
                                    "contacto": {
                                        "type": "integer"
                                    },
                                    "nif": {
                                        "type": "integer"
                                    },
                                    "morada": {
                                        "type": "string"
                                    },
                                    "nifLoja": {
                                        "type": "integer"
                                    },
                                    "idLoja": {
                                        "type": "integer"
                                    }
                                }
                            }
                        }
                    }
                },
                "responses": {
                    "403": {
                        "description": "Unauthorized!"
                    },
                    "500": {
                        "description": "Internal Error!"
                    },
                    "201": {
                        "description": "Created Category!"
                    }
                }
            }
        },
        "/editarPerfil/Cliente": {
            "post": {
                "description": "Editar Perfil de um Cliente",
                "tags": [
                    "Cliente"
                ],
                "summary": "Editar Dados de um Cliente",
                "operationId": "Loja_editarPerfil",
                "security": [
                    {
                        "bearerAuth": []
                    }
                ],
                "requestBody": {
                    "content": {
                        "application/json": {
                            "schema": {
                                "type": "object",
                                "properties": {
                                    "password": {
                                        "type": "string"
                                    },
                                    "nome": {
                                        "type": "string"
                                    },
                                    "email": {
                                        "type": "string"
                                    },
                                    "contacto": {
                                        "type": "integer"
                                    },
                                    "nif": {
                                        "type": "integer"
                                    },
                                    "dataNascimento": {
                                        "type": "string"
                                    },
                                    "pais": {
                                        "type": "string"
                                    },
                                    "localizacao": {
                                        "type": "string"
                                    },
                                    "idCliente": {
                                        "type": "integer"
                                    }
                                }
                            }
                        }
                    }
                },
                "responses": {
                    "403": {
                        "description": "Unauthorized!"
                    },
                    "500": {
                        "description": "Internal Error!"
                    },
                    "201": {
                        "description": "Created Category!"
                    }
                }
            }
        },
        "/verEncomendas": {
            "post": {
                "description": "Visualizar Encomendas",
                "tags": [
                    "Loja"
                ],
                "summary": "Visualizar Encomendas de uma Loja",
                "operationId": "Loja_verEncomendas",
                "security": [
                    {
                        "bearerAuth": []
                    }
                ],
                "responses": {
                    "403": {
                        "description": "Unauthorized!"
                    },
                    "500": {
                        "description": "Internal Error!"
                    },
                    "201": {
                        "description": "Created Category!"
                    }
                }
            }
        },
        "/publicarEncomenda": {
            "post": {
                "description": "Publicar Encomendas",
                "tags": [
                    "Cliente"
                ],
                "summary": "Publicar Encomendas",
                "operationId": "Cliente_everEncomendas",
                "security": [
                    {
                        "bearerAuth": []
                    }
                ],
                "requestBody": {
                    "content": {
                        "application/json": {
                            "schema": {
                                "type": "object",
                                "properties": {
                                    "numEncomenda": {
                                        "type": "integer"
                                    },
                                    "dataEncomenda": {
                                        "type": "string"
                                    },
                                    "estado": {
                                        "type": "string"
                                    },
                                    "valorTotal": {
                                        "type": "integer"
                                    },
                                    "lojaId": {
                                        "type": "integer"
                                    },
                                    "id_Cliente": {
                                        "type": "integer"
                                    },
                                    "estafetaId": {
                                        "type": "integer"
                                    }
                                }
                            }
                        }
                    }
                },
                "responses": {
                    "403": {
                        "description": "Unauthorized!"
                    },
                    "500": {
                        "description": "Internal Error!"
                    },
                    "201": {
                        "description": "Created Category!"
                    }
                }
            }
        },
        "/consultarHistoricoLojas": {
            "post": {
                "description": "Consultar Historico das Lojas",
                "tags": [
                    "Loja"
                ],
                "summary": "Consultar Historico das Lojas",
                "operationId": "Loja_consultarHistoricoLojas",
                "security": [
                    {
                        "bearerAuth": []
                    }
                ],
                "requestBody": {
                    "content": {
                        "application/json": {
                            "schema": {
                                "type": "object",
                                "properties": {
                                    "idLoja": {
                                        "type": "integer"
                                    }
                                }
                            }
                        }
                    }
                },
                "responses": {
                    "403": {
                        "description": "Unauthorized!"
                    },
                    "500": {
                        "description": "Internal Error!"
                    },
                    "201": {
                        "description": "Created Category!"
                    }
                }
            }
        },
        "/alterarEstadoLoja": {
            "post": {
                "description": "Alterar Estado da Loja",
                "tags": [
                    "Admin"
                ],
                "summary": "Alterar Estado da Loja",
                "operationId": "Loja_alterarEstadoLoja",
                "security": [
                    {
                        "bearerAuth": []
                    }
                ],
                "requestBody": {
                    "content": {
                        "application/json": {
                            "schema": {
                                "type": "object",
                                "properties": {
                                    "idLoja": {
                                        "type": "integer"
                                    },
                                    "estado": {
                                        "type": "integer"
                                    }
                                }
                            }
                        }
                    }
                },
                "responses": {
                    "403": {
                        "description": "Unauthorized!"
                    },
                    "500": {
                        "description": "Internal Error!"
                    },
                    "201": {
                        "description": "Created Category!"
                    }
                }
            }
        }
    },
    "components": {
        "schemas": {
            "Login": {
                "type": "object",
                "properties": {
                    "token": {
                        "type": "string"
                    }
                }
            },
            "Produto": {
                "type": "object",
                "properties": {
                    "idProduto": {
                        "type": "integer"
                    },
                    "nomeProduto": {
                        "type": "string"
                    },
                    "quantidade": {
                        "type": "integer"
                    },
                    "preco": {
                        "type": "number"
                    },
                    "horaRecolhaMin": {
                        "type": "string"
                    },
                    "horaRecolhaMax": {
                        "type": "string"
                    },
                    "fotoProduto": {
                        "type": "string"
                    },
                    "lojaId": {
                        "type": "integer"
                    },
                    "SubcategoriaProdId": {
                        "type": "integer"
                    }
                }
            },
            "EditarProduto": {
                "type": "object",
                "properties": {
                    "idProduto": {
                        "type": "integer"
                    },
                    "nomeProduto": {
                        "type": "string"
                    },
                    "quantidade": {
                        "type": "integer"
                    },
                    "preco": {
                        "type": "number"
                    },
                    "horaRecolhaMin": {
                        "type": "string"
                    },
                    "horaRecolhaMax": {
                        "type": "string"
                    },
                    "fotoProduto": {
                        "type": "string"
                    },
                    "lojaId": {
                        "type": "integer"
                    },
                    "SubcategoriaProdId": {
                        "type": "integer"
                    }
                }
            },
            "ListarProduto": {
                "type": "object",
                "properties": {
                    "idProduto": {
                        "type": "integer"
                    },
                    "nomeProduto": {
                        "type": "string"
                    },
                    "quantidade": {
                        "type": "integer"
                    },
                    "preco": {
                        "type": "number"
                    },
                    "horaRecolhaMin": {
                        "type": "string"
                    },
                    "horaRecolhaMax": {
                        "type": "string"
                    },
                    "fotoProduto": {
                        "type": "string"
                    },
                    "lojaId": {
                        "type": "integer"
                    },
                    "SubcategoriaProdId": {
                        "type": "integer"
                    }
                }
            },
            "MostarPerfil": {
                "type": "object",
                "properties": {
                    "nome": {
                        "type": "integer"
                    },
                    "email": {
                        "type": "number"
                    },
                    "contacto": {
                        "type": "string"
                    }
                }
            },
            "Categorias": {
                "type": "object",
                "properties": {
                    "nomeCategoria": {
                        "type": "string"
                    },
                    "nomeSubcategoria": {
                        "type": "string"
                    }
                }
            },
            "CandidaturaFicheiro": {
                "type": "object",
                "properties": {
                    "documento": {
                        "type": "string"
                    },
                    "lojaid": {
                        "type": "integer"
                    }
                }
            },
            "Candidatura": {
                "type": "object",
                "properties": {
                    "idLoja": {
                        "type": "integer"
                    },
                    "morada": {
                        "type": "string"
                    },
                    "nif": {
                        "type": "integer"
                    },
                    "adminloja": {
                        "type": "integer"
                    },
                    "categoria": {
                        "type": "integer"
                    }
                }
            },
            "AprovacaoLoja": {
                "type": "object",
                "properties": {
                    "idProduto": {
                        "type": "integer"
                    },
                    "nomeProduto": {
                        "type": "string"
                    },
                    "quantidade": {
                        "type": "integer"
                    },
                    "preco": {
                        "type": "number"
                    },
                    "horaRecolhaMin": {
                        "type": "string"
                    },
                    "horaRecolhaMax": {
                        "type": "string"
                    },
                    "fotoProduto": {
                        "type": "string"
                    },
                    "lojaId": {
                        "type": "integer"
                    },
                    "SubcategoriaProdId": {
                        "type": "integer"
                    }
                }
            },
            "ClienteListarProduto": {
                "type": "object",
                "properties": {
                    "idLoja": {
                        "type": "integer"
                    },
                    "aprovacao": {
                        "type": "string"
                    }
                }
            }
        },
        "securitySchemes": {
            "bearerAuth": {
                "type": "http",
                "scheme": "bearer",
                "bearerFormat": "JWT"
            }
        }
    }
}